{
  "project_info": {
    "project_number": "1082263541970",
    "firebase_url": "https://projemanag-cc4f6.firebaseio.com",
    "project_id": "projemanag-cc4f6",
    "storage_bucket": "projemanag-cc4f6.appspot.com"
  },
  "client": [
    {
      "client_info": {
        "mobilesdk_app_id": "1:1082263541970:android:e29a78acb18dc23603f50b",
        "android_client_info": {
          "package_name": "com.projemanag"
        }
      },
      "oauth_client": [
        {
          "client_id": "1082263541970-ct648odalak49kdm7fcv06v2laqet97v.apps.googleusercontent.com",
          "client_type": 3
        }
      ],
      "api_key": [
        {
          "current_key": "AIzaSyAajUdhLBICukluhCJ7gVzgaBpSQ7XEk2M"
        }
      ],
      "services": {
        "appinvite_service": {
          "other_platform_oauth_client": [
            {
              "client_id": "1082263541970-ct648odalak49kdm7fcv06v2laqet97v.apps.googleusercontent.com",
              "client_type": 3
            }
          ]
        }
      }
    }
  ],
  "configuration_version": "1"
}